title,address,phone,website,email,reviews,rating,360image
Software House Islamabad || Best Software House Islamabad,"Alfalah Colony, D Block Ali Muhammad Rd, Multan, 60650, Pakistan",+92 320 1566824,https://software-house-islamabad-best-software-house.business.site/?utm_source=gmb&utm_medium=referral,,,,0
NBits Software House,"Street No. 14, New, Multan, Pakistan",+92 300 8249115,https://nbitssoftware.business.site/,,100,4.3,0
"KeyDevs - Software House in Multan, Pakistan","House # 213 Street Number 12 Pearl City, Askari Bypass, Colony Road, Multan, Punjab 60000, Pakistan",+92 321 7851671,https://keydevs.net/,info@keydevs.com,27,4.7,0
Software House Multan,"Jamia Masjid Sarkary Madina, Street 1 , House no 1008 Near, Block T New Multan Colony, Multan, Punjab, Pakistan",+92 300 7307728,http://www.softwarehousemultan.com/,info@softwarehousemultan.com,34,4.3,0
Software House in Islamabad Pakistan,"House No 1246 Street No 3G, 3rd Rd, near Ptcl Office, G-10/4 Islamabad, Islamabad Capital Territory 44000, Pakistan",+92 337 9209901,https://wmwebs.com/,,110,5,0
Software House Islamabad,"Street 6, Ghori Town Phase 4-B Phase 4B Ghauri Town, Islamabad, Islamabad Capital Territory 44000, Pakistan",+92 334 6107765,http://www.orm.com.pk/,nizam@orm.com.pk,1,5,0
Software House Lab | Software House in Islamabad,"G-13/1 G 13/1 G-13, Islamabad, Islamabad Capital Territory 44000, Pakistan",+92 336 0566936,https://www.softwarehouselab.com/,contact@softwarehouselab.com,3,5,0
Retechnic Software House Islamabad,"plot#19-C,Flat#02,Third Floor,tricone tower, Islamabad, 44000, Pakistan",+92 313 1570989,http://retechnic.com/,info@retechnic.com,30,5,0
Software house in Islamabad |Software house in Pakistan | CodeAgepk,"Office#101, 1st floor, above Standard Chartered Bank, Phase 7 Bahria Town, Islamabad, Rawalpindi, Islamabad Capital Territory 44000, Pakistan",+92 331 5374981,http://codeagepk.com/,info@codeagepk.com,21,5,0
Software House in Islamabad,"Corporate office f11, Islamabad, 44000, Pakistan",,,,,,0
Techozon Software House,"Office 307, Gulberg empire Civic Center, Gulberg Greens, Islamabad, 44000, Pakistan",+92 335 6701234,https://techozon.business.site/?utm_source=gmb&utm_medium=referral,,4,2,0
Software House,"Office no 1,Spring north Commercial Bahria town, Phase 7 Islamabad, Islamabad Capital Territory, Pakistan",+92 333 2737299,,info@sqrcltechnologies.com,1,5,0
"Software House in Islamabad, Pakistan | Web Development in Islamabad | Software development | Social Media Marketing Company in Islamabad | Quickbook services provider in islamabad | SEO company in Islamabad | Top Software Company in Islamabad","Emirates Tower, Office 03, 2nd Floor, F-7 Markaz Islamabad, 44000, Pakistan",+92 341 8992660,https://sqrcltechnologies.com/,info@ideatech.org,,,0
Ideatech Software House,"Office No. 4, Kashif Plaza, G-8 Markaz G 8 Markaz G-8, Islamabad, Islamabad Capital Territory 44080, Pakistan",,http://www.ideatech.org/,info@keydevs.com,46,4.3,0
Software House Islamabad - Shedi Soft,"Attock Petrol Pump School Stop, Tarlai Kalan,, Tarlai Kalan, Islamabad, Islamabad Capital Territory, Pakistan",+92 51 2241435,,,5,2.6,0
KeyDevs - Software House in Islamabad,"H # 381 1st floor Opp. Faisal Bank, Main Double Rd, FECHS E 11/3 E-11, Islamabad, Islamabad Capital Territory 60000, Pakistan",+92 321 7851671,https://keydevs.com/,info@mediahut.pk,20,5,0
H.A Softwares,"no 30 , House 802, St, I-14/1 G-8, Islamabad, Islamabad Capital Territory 44000, Pakistan",+92 300 5213536,,,,,0
